1,Zachary,Luna,19,Wimbu Center,Focozu,AL,24282,8684.54,WHITE,01/09/2000
2,Polly,Francis,62,Sebib Turnpike,Taihsih,NE,37790,3854.79,GREEN,08/15/1942
3,saad,Greer,48,Sakziv View,Ulwogze,CA,90578,7900.84,RED,09/30/2021
4,Ellen,Robbins,55,Suhef Terrace,Raupizuc,LA,10543,3471.86,GREEN,11/12/1983
5,Lucile,Rios,28,Hatvej Lane,Nezapuaw,ME,67921,5475.89,YELLOW,04/11/2044
6,Lura,Beck,18,Bous Avenue,Nabenzo,NM,23087,1633.85,GREEN,06/18/1917
7,Lola,Wells,61,Imhic Highway,Ciewuvev,OK,43619,904.28,BLUE,08/20/2010
8,Myrtle,Boyd,44,Pomem Avenue,Finzufen,KY,51603,7967.6,GREEN,03/09/2053
9,Jean,Graham,22,Fibop Key,Sikwacos,HI,1917,428.49,RED,04/12/1986
10,Rosalie,Abbott,26,Vazes Junction,Jedozovol,VT,74132,89.74,YELLOW,04/30/1959
11,Chad,Blair,18,Temsoc Trail,Guhcumna,OK,83685,2652.23,BLUE,08/04/2024
12,Roger,Ross,26,Fuici Boulevard,Webtestoz,WI,88324,1923.78,WHITE,07/09/2003
13,Michael,Craig,44,Acana Junction,Osiwomjez,OH,24816,5366.61,WHITE,11/07/1918
14,Stella,Rodriquez,51,Zahi Point,Vehigofi,NE,56680,7371.39,YELLOW,11/17/1958
15,Nathaniel,Guerrero,33,Wafjo Mill,Liludun,HI,49362,1515.32,RED,07/29/2025
16,Ian,Medina,31,Jisow Court,Idozucza,ID,61826,129.85,WHITE,05/28/1965
17,Shawn,Hammond,20,Etso Square,Kulnadhi,NC,25549,6115.46,GREEN,04/10/2041
18,Norman,Harrison,20,Pohjew Place,Ehetaek,ME,96619,487.21,YELLOW,01/20/1915
19,Madge,Brown,36,Cosu Lane,Vudkulsa,OR,91123,1901.2,WHITE,09/06/1966
20,Isabella,Chandler,34,Ugilu Center,Guanlos,OR,10265,7691.48,GREEN,06/05/1952
21,Esther,Goodwin,45,Murcaj Pass,Zuhupnij,DE,6410,2781.15,WHITE,12/06/1978
22,Minerva,Klein,29,Gebheb View,Iwoawget,RI,19809,1266.77,RED,02/18/2039
23,Jesus,Garrett,61,Risdi Park,Wuvkimrej,HI,68266,1063.94,WHITE,07/01/2021
24,Mollie,Barton,60,Azle Glen,Ikkawpo,MS,55331,7534.87,BLUE,01/02/2014
25,Logan,Schmidt,36,Silkon Circle,Barevap,ME,5463,2558.47,BLUE,04/21/1918
26,Gerald,Glover,63,Etima Center,Filozmif,MT,56005,1736.75,RED,06/06/1946
27,Estelle,Scott,38,Nagi Plaza,Feblujna,MT,57502,623.09,WHITE,01/14/2041
28,Landon,Clark,33,Jogop Circle,Piodah,MS,91514,6348.52,YELLOW,11/29/2038
29,Dominic,McKenzie,45,Kozfa Plaza,Pawdamih,MA,1991,5737.17,BLUE,02/17/2041
30,Agnes,Hicks,59,Guiw Circle,Nunefehup,NY,25291,2199.98,BLUE,08/01/2006
31,Mina,Reed,24,Ulleb Place,Kukbira,NC,91091,766.65,WHITE,01/25/1904
32,Lora,Paul,38,Nito Manor,Rohtimuz,IN,90011,327.49,BLUE,02/14/1949
33,Jeremy,Bowen,38,Fukol Avenue,Akusezec,OH,32605,237.43,BLUE,02/27/2013
34,Hannah,Bishop,33,Hode Avenue,Koculum,DE,78643,7150.2,RED,02/08/2024
35,Herman,Nelson,49,Imege Way,Nulonwiv,CT,98244,5935.91,GREEN,10/05/2024
36,Danny,Burton,42,Hosik Park,Nogajuj,IA,96054,7368.86,GREEN,06/05/2039
37,Gerald,Horton,63,Cifez Street,Buzovle,NM,97090,1017.93,BLUE,03/28/2060
38,Derrick,Simon,53,Wipsu Center,Miwutha,WY,5160,8893.81,RED,11/10/2067
39,Allie,Perez,41,Bivoz Boulevard,Fatcidfah,FL,6746,9031.95,YELLOW,01/19/1982
40,Adam,Sandoval,26,Dojo Square,Sapcedoc,AR,83000,4875.94,BLUE,09/08/2016
41,Jeff,Castillo,62,Mezog Square,Miwisuwo,RI,98289,4488.4,YELLOW,12/22/2032
42,Alejandro,Tran,26,Woji Grove,Bineuji,MS,60522,8846.49,GREEN,01/06/1901
43,Mitchell,Kelley,26,Elpeg Street,Taprefej,CT,36889,9587.07,WHITE,09/04/2020
44,Henrietta,Lambert,48,Vohe Manor,Olhapi,NH,68480,2526.15,WHITE,12/09/1989
45,Angel,Ford,45,Pemziw Avenue,Zadsatba,FL,58226,2718.94,BLUE,12/24/1910
46,Dale,Munoz,62,Sigeho Extension,Sevgunbin,MD,93226,1440.03,RED,04/13/1923
47,Carl,Casey,61,Gifror Drive,Ipulikam,MO,48020,1031.08,RED,12/15/1933
48,Noah,Stone,48,Gajkah Way,Lipoda,NJ,84742,1928.36,GREEN,05/18/1908
49,Esther,Yates,56,Hahbom River,Coggusmo,NH,79754,285.76,GREEN,09/21/1934
50,Garrett,Peterson,18,Kuwat Park,Wihzelpa,KY,48512,1057.27,YELLOW,01/28/1997
51,Seth,Wright,26,Gitkep Square,Hiznisa,KS,63772,5918.89,RED,10/08/2055
52,Nettie,Vasquez,54,Afobur Court,Zofovsaf,AR,97139,3672.82,BLUE,10/21/2070
53,Seth,Graves,45,Apdib Lane,Limhaho,OH,24617,3404.44,WHITE,05/29/1916
54,Louis,Curtis,33,Neoli River,Capoztal,KS,2786,8732.83,GREEN,02/17/2031
55,Leah,Patterson,55,Zilo River,Ubosaem,MA,15035,9466.37,WHITE,06/21/2051
56,Daniel,Olson,33,Tahi Key,Wohtioku,OH,96020,8567.93,WHITE,08/10/1922
57,Randy,Murray,38,Neuk Drive,Iceiwauju,ID,29298,7978.33,YELLOW,01/28/1929
58,Alejandro,Logan,57,Peiso Junction,Ijfasac,KY,6746,7619.69,BLUE,03/14/1990
59,Ryan,Warner,39,Zabu Court,Ewietocir,CO,81545,7459.63,GREEN,06/04/1925
60,Lucas,Powell,61,Fejih River,Mulicu,KS,19425,6850.21,YELLOW,03/19/2017
61,Mary,Figueroa,65,Avana Way,Gijamta,TX,2066,6816.95,YELLOW,03/04/2051
62,Miguel,Holt,20,Ditgo Pike,Inmagra,IL,15497,5642.6,RED,12/24/1986
63,Lillian,McGuire,61,Vedgi Parkway,Rantonas,OH,29535,3306.91,BLUE,07/15/2068
64,Jacob,Burke,25,Fiztiv Road,Dulpipdih,CO,34149,5781.39,RED,10/30/2051
65,Kathryn,Robbins,27,Reton Court,Wuevidon,IA,1546,6290.74,BLUE,11/07/1950
66,Elsie,Gilbert,30,Rimi River,Ijuzko,KY,34253,109.6,BLUE,09/11/1980
67,Jesus,Cannon,61,Zesir Manor,Paezsub,GA,46187,2766.44,RED,09/07/1964
68,Thomas,Payne,18,Bojol Drive,Ugoduthe,AK,788,3112.71,GREEN,08/24/2060
69,Cody,Patterson,44,Kupza Plaza,Gupocca,WY,2767,5688.18,GREEN,02/12/2047
70,Nellie,Pearson,61,Fevov Center,Todewiohe,VT,23323,3072.67,RED,07/20/1918
71,Roxie,Wheeler,39,Vemiti Turnpike,Hewusa,VA,5681,3428.09,YELLOW,11/18/1930
72,Leon,Collins,24,Hafaj Pike,Wekajoz,NE,11195,586.89,BLUE,10/08/2043
73,Timothy,Oliver,26,Gevju Extension,Huumsig,HI,10109,7193.34,GREEN,04/23/1955
74,Elnora,Schneider,21,Zezuz Plaza,Tivujev,ID,3588,310.05,RED,12/30/1913
75,Ricardo,Steele,30,Podow Glen,Atroppit,DE,73400,8548.55,WHITE,09/10/2027
76,Amanda,Lucas,46,Tujnez Trail,Famakali,WV,91179,5513.38,GREEN,09/22/2031
77,Gussie,Sutton,64,Zozme Point,Woalobi,NV,2043,6803.68,WHITE,01/11/1926
78,Lula,Hall,47,Ruti Way,Luebasic,OR,36154,3743.58,RED,12/30/2017
79,Ruby,Guzman,47,Wibij Center,Virukfe,NM,78515,146.8,GREEN,08/14/2048
80,Jimmy,Harvey,26,Vouke Circle,Hifumilo,MA,30035,8425.19,RED,06/03/2020
81,Cynthia,Benson,43,Pucse Terrace,Nezurfi,DC,97472,7302.16,YELLOW,09/21/2006
82,Robert,George,21,Paso Highway,Gunuriaf,WV,15243,8151.99,RED,06/25/1910
83,Bernice,Blair,23,Tojkig Place,Vivobmud,WI,11822,4783.82,WHITE,05/27/1912
84,Winnie,Williamson,45,Mugac Pike,Ribsawsis,DE,23176,3166.31,YELLOW,04/14/2065
85,Jack,Boyd,58,Gogeb Glen,Oromucruk,AK,88195,6354.82,RED,08/25/1991
86,Ricky,Larson,51,Lihef Extension,Zadokwel,NC,75049,1969.07,WHITE,12/27/2034
87,Paul,Greer,47,Ehacez Court,Fijisju,CA,73719,3809.91,YELLOW,09/07/1999
88,Rena,Massey,49,Daof Junction,Lecnama,MD,35667,8459.53,WHITE,12/14/1958
89,Noah,Fowler,34,Kevzud Lane,Rozefrew,HI,79143,9992.76,RED,03/08/1971
90,Sylvia,Bryant,50,Ideoj Heights,Nujeli,DE,6734,7266.08,BLUE,08/29/2028
91,Phillip,Harrison,35,Kokka Ridge,Carvirnul,ME,31626,7496.59,WHITE,06/10/1924
92,Myrtle,Morales,53,Zensig Extension,Obmefjun,NY,19753,3177.57,WHITE,06/16/1998
93,Glen,Glover,43,Hehba Pike,Utobezu,NV,89206,6238.75,RED,11/23/1918
94,Sophia,Long,42,Acefam Plaza,Vopilata,LA,83636,1352.06,YELLOW,05/29/2011
95,Gordon,Bishop,53,Nosu Glen,Mamdoug,WV,498,8849.22,YELLOW,08/31/2009
96,Kate,Cooper,27,Rabla Manor,Pokvukfa,IL,56776,9635.82,RED,07/27/2057
97,Dennis,Leonard,21,Cewi Heights,Fecfihsoj,TX,70838,980.28,BLUE,04/30/2024
98,Lula,Frank,40,Efako Turnpike,Tunaso,NH,48784,8190.25,WHITE,01/29/2007
99,Stanley,Cross,63,Epbec Highway,Tojbawol,AK,71370,4379.74,BLUE,08/02/2045
100,Calvin,Barber,61,Unoke Mill,Latuwah,WI,92586,4785.79,GREEN,04/05/2022
